,Unnamed: 0,age,sex,bmi,children,smoker,region,charges
0,243,40,-1,35.3,3,-1,3,7196.867
1,1152,43,1,32.56,3,1,1,40941.2854
2,533,37,-1,36.19,0,-1,1,19214.70553
3,684,33,1,18.5,1,-1,3,4766.022
4,1025,21,1,34.6,0,-1,3,2020.177
5,932,46,-1,25.8,5,-1,3,10096.97
6,926,19,1,23.4,2,-1,3,2913.569
7,591,47,-1,19.57,1,-1,2,8428.0693
8,382,55,-1,33.0,0,-1,1,20781.48892
9,70,27,1,24.75,0,1,1,16577.7795
10,111,55,1,29.7,2,-1,3,11881.358
11,246,60,1,38.06,0,-1,1,12648.7034
12,1305,24,1,27.72,0,-1,1,2464.6188
13,27,55,1,32.775,2,-1,2,12268.63225
14,703,34,1,26.41,1,-1,2,5385.3379
15,569,48,-1,40.565,2,1,2,45702.02235
16,682,39,-1,35.3,2,1,3,40103.89
17,155,44,-1,39.52,0,-1,2,6948.7008
18,1330,57,1,25.74,2,-1,1,12629.1656
19,577,31,1,38.095,1,1,4,58571.07448
20,189,29,1,32.11,2,-1,2,4922.9159
21,168,19,1,31.825,1,-1,2,2719.27975
22,562,27,-1,30.5,0,-1,3,2494.022
23,507,21,-1,23.75,2,-1,2,3077.0955
24,112,37,-1,30.8,0,-1,3,4646.759
25,1228,56,-1,34.43,0,-1,1,10594.2257
26,190,61,-1,31.57,0,-1,1,12557.6053
27,193,56,1,26.6,1,-1,2,12044.342
28,515,58,-1,35.7,0,-1,3,11362.755
29,1061,57,-1,27.94,1,-1,1,11554.2236
30,385,19,-1,34.4,0,-1,3,1261.859
31,209,40,-1,41.23,1,-1,4,6610.1097
32,547,54,1,46.7,2,-1,3,11538.421
33,345,34,1,29.26,3,-1,1,6184.2994
34,125,26,1,28.785,0,-1,4,3385.39915
35,170,63,-1,41.47,0,-1,1,13405.3903
36,508,24,1,25.27,0,-1,4,3044.2133
37,59,34,1,37.335,2,-1,2,5989.52365
38,312,43,-1,35.97,3,1,1,42124.5153
39,254,50,-1,31.825,0,1,4,41097.16175
40,887,36,1,30.02,0,-1,2,5272.1758
41,109,63,-1,35.09,0,1,1,47055.5321
42,333,56,1,28.785,0,-1,4,11658.37915
43,206,59,-1,26.4,0,-1,1,11743.299
44,965,35,-1,27.1,1,-1,3,4746.344
45,156,48,-1,24.42,0,1,1,21223.6758
46,75,57,-1,34.01,0,-1,2,11356.6609
47,601,51,-1,31.635,0,-1,2,9174.13565
48,1289,44,-1,34.32,1,-1,1,7147.4728
49,185,36,-1,41.895,3,1,4,43753.33705
50,537,46,1,30.2,2,-1,3,8825.086
51,415,43,1,35.64,1,-1,1,7345.7266
52,15,19,-1,24.6,1,-1,3,1837.237
53,1247,33,-1,29.4,4,-1,3,6059.173
54,91,53,1,24.795,1,-1,2,10942.13205
55,30,22,-1,35.6,0,1,3,35585.576
56,219,24,1,23.21,0,-1,1,25081.76784
57,110,54,-1,33.63,1,-1,2,10825.2537
58,239,44,-1,38.06,1,-1,1,7152.6714
59,417,36,1,22.6,2,1,3,18608.262
60,1309,41,-1,32.2,2,-1,3,6875.961
61,310,50,-1,26.6,0,-1,3,8444.474
62,646,39,-1,26.22,1,-1,2,6123.5688
63,1125,63,1,25.08,0,-1,2,14254.6082
64,931,39,1,32.5,1,-1,3,6238.298
65,152,32,1,37.145,3,-1,4,6334.34355
66,137,22,-1,25.175,0,-1,2,2045.68525
67,1115,55,-1,32.67,1,-1,1,10807.4863
68,1088,52,-1,47.74,1,-1,1,9748.9106
69,302,56,1,37.51,2,-1,1,12265.5069
70,647,40,1,23.37,3,-1,4,8252.2843
71,105,20,-1,28.025,1,1,2,17560.37975
72,695,26,1,40.185,0,-1,2,3201.24515
73,142,34,-1,25.3,2,1,1,18972.495
74,940,18,-1,23.21,0,-1,1,1121.8739
75,1258,55,-1,37.715,3,-1,2,30063.58055
76,908,63,-1,39.8,3,-1,3,15170.069
77,865,40,-1,29.9,2,-1,3,6600.361
78,1293,46,-1,25.745,3,-1,2,9301.89355
79,4,32,-1,28.88,0,-1,2,3866.8552
80,852,46,1,35.53,0,1,4,42111.6647
81,186,26,1,29.92,2,-1,1,3981.9768
82,67,40,-1,26.315,1,-1,2,6389.37785
83,863,36,1,19.855,0,-1,4,5458.04645
84,298,31,-1,34.39,3,1,2,38746.3551
85,1172,56,1,41.91,0,-1,1,11093.6229
86,1237,58,1,28.215,0,-1,2,12224.35085
87,793,53,-1,20.9,0,1,1,21195.818
88,970,50,1,28.16,3,-1,1,10702.6424
89,76,29,1,29.59,1,-1,1,3947.4131
90,1003,48,-1,29.6,0,-1,3,21232.18226
91,308,58,-1,34.865,0,-1,4,11944.59435
92,456,55,1,30.14,2,-1,1,11881.9696
93,46,18,1,38.665,2,-1,4,3393.35635
94,937,39,1,24.225,5,-1,2,8965.79575
95,858,25,1,32.23,1,-1,1,18218.16139
96,1256,51,1,36.385,3,-1,2,11436.73815
97,1297,28,1,26.51,2,-1,1,4340.4409
98,1080,18,-1,21.78,2,-1,1,11884.04858
99,655,52,1,25.3,2,1,1,24667.419
100,705,33,1,32.9,2,-1,3,5375.038
101,1317,18,-1,53.13,0,-1,1,1163.4627
102,1226,38,-1,16.815,2,-1,4,6640.54485
103,1337,61,1,29.07,0,1,2,29141.3603
104,1109,45,-1,20.35,3,-1,1,8605.3615
105,974,26,-1,35.42,0,-1,1,2322.6218
106,738,23,-1,31.73,3,1,4,36189.1017
107,994,27,1,20.045,3,1,2,16420.49455
108,837,56,1,28.31,0,-1,4,11657.7189
109,1042,20,-1,30.685,0,1,4,33475.81715
110,116,58,-1,49.06,0,-1,1,11381.3254
111,869,25,1,24.3,3,-1,3,4391.652
112,435,60,-1,33.11,3,-1,1,13919.8229
113,372,42,1,33.155,1,-1,4,7639.41745
114,871,26,1,29.48,1,-1,1,3392.3652
115,441,33,1,33.5,0,1,3,37079.372
116,782,51,-1,35.97,1,-1,1,9386.1613
117,497,45,-1,28.7,2,-1,3,8027.968
118,764,45,1,25.175,2,-1,4,9095.06825
119,661,57,1,23.98,1,-1,1,22192.43711
120,919,35,1,34.21,1,-1,1,5245.2269
121,573,62,1,36.86,1,-1,4,31620.00106
122,55,58,-1,36.955,2,1,2,47496.49445
123,564,18,1,32.12,2,-1,1,2801.2588
124,681,19,-1,20.3,0,-1,3,1242.26
125,664,64,1,22.99,0,1,1,27037.9141
126,822,18,1,31.13,0,-1,1,1621.8827
127,650,49,1,42.68,2,-1,1,9800.8882
128,0,19,1,27.9,0,1,3,16884.924
129,421,61,-1,35.86,0,1,1,46599.1084
130,853,53,1,23.75,2,-1,4,11729.6795
131,237,31,-1,38.39,2,-1,1,4463.2051
132,905,26,1,29.355,2,-1,4,4564.19145
133,447,56,1,25.65,0,-1,2,11454.0215
134,1217,29,-1,37.29,2,-1,1,4058.1161
135,550,63,-1,30.8,0,-1,3,13390.559
136,629,44,1,38.95,0,1,2,42983.4585
137,748,47,1,36.0,1,-1,3,8556.907
138,1095,18,1,31.35,4,-1,4,4561.1885
139,902,26,-1,27.265,3,-1,4,4661.28635
140,511,27,-1,33.66,0,-1,1,2498.4144
141,1090,47,-1,36.19,0,1,1,41676.0811
142,1017,26,1,34.2,2,-1,3,3987.926
143,911,18,-1,31.73,0,1,4,33732.6867
144,1099,25,1,33.99,1,-1,1,3227.1211
145,177,54,-1,29.2,1,-1,3,10436.096
146,897,19,-1,25.555,1,-1,2,2221.56445
147,22,18,-1,34.1,0,-1,1,1137.011
148,1153,35,1,35.815,1,-1,2,5630.45785
149,100,41,1,31.6,0,-1,3,6186.127
150,823,44,1,29.81,2,-1,1,8219.2039
151,854,49,1,23.845,3,1,4,24106.91255
152,1051,64,-1,26.41,0,-1,4,14394.5579
153,674,44,1,43.89,2,1,1,46200.9851
154,752,64,-1,37.905,0,-1,2,14210.53595
155,828,41,-1,30.78,3,1,4,39597.4072
156,178,46,1,28.9,2,-1,3,8823.279
157,1102,29,-1,38.94,1,-1,1,3471.4096
158,483,51,1,39.5,1,-1,3,9880.068
159,1078,28,-1,31.68,0,1,1,34672.1472
160,580,59,-1,25.46,1,-1,4,12913.9924
161,1239,25,1,42.13,1,-1,1,3238.4357
162,665,43,-1,38.06,2,1,1,42560.4304
163,86,57,1,31.16,0,1,2,43578.9394
164,250,18,-1,17.29,2,1,4,12829.4551
165,336,60,-1,25.74,0,-1,1,12142.5786
166,17,23,-1,23.845,0,-1,4,2395.17155
167,63,28,1,25.935,1,-1,2,4133.64165
168,876,49,1,27.1,1,-1,3,26140.3603
169,954,34,-1,27.835,1,1,2,20009.63365
170,384,44,-1,22.135,2,-1,4,8302.53565
171,35,19,-1,20.425,0,-1,2,1625.43375
172,1277,32,1,29.735,0,-1,2,4357.04365
173,1255,42,1,37.9,0,-1,3,6474.013
174,1107,50,1,26.22,2,-1,2,10493.9458
175,608,28,-1,26.98,2,-1,4,4435.0942
176,197,45,1,28.6,2,-1,1,8516.829
177,1291,19,-1,34.9,0,1,3,34828.654
178,727,29,1,21.755,1,1,4,16657.71745
179,992,50,1,31.6,2,-1,3,10118.424
180,448,40,1,29.6,0,-1,3,5910.944
181,990,26,1,19.8,1,-1,3,3378.91
182,539,53,-1,31.35,0,-1,1,27346.04207
183,52,48,-1,28.0,1,1,3,23568.272
184,386,58,1,39.05,0,-1,1,11856.4115
185,1240,52,-1,41.8,2,1,1,47269.854
186,71,31,-1,28.5,5,-1,4,6799.458
187,864,51,-1,25.4,0,-1,3,8782.469
188,388,26,1,22.61,0,-1,2,3176.8159
189,1092,23,-1,32.7,3,-1,3,3591.48
190,812,54,-1,21.01,2,-1,1,11013.7119
191,733,48,1,27.265,1,-1,4,9447.25035
192,631,24,-1,29.3,0,-1,3,1977.815
193,79,41,1,32.965,0,-1,2,6571.02435
194,1124,23,1,42.75,1,1,4,40904.1995
195,922,38,-1,31.0,1,-1,3,5488.262
196,1320,31,-1,31.065,3,-1,2,5425.02335
197,1270,26,-1,33.915,1,-1,2,3292.52985
198,280,40,1,28.12,1,1,4,22331.5668
199,910,22,-1,28.31,1,-1,2,2639.0429
200,1041,18,-1,23.085,0,-1,4,1704.70015
201,770,61,-1,36.1,3,-1,3,27941.28758
202,1316,19,1,20.6,0,-1,3,1731.677
203,530,57,-1,42.13,1,1,1,48675.5177
204,1013,48,-1,32.3,1,-1,2,8765.249
205,505,37,-1,30.875,3,-1,2,6796.86325
206,92,59,-1,29.83,3,1,4,30184.9367
207,615,47,1,36.63,1,1,1,42969.8527
208,1170,18,-1,27.36,1,1,4,17178.6824
209,241,33,1,22.135,1,-1,4,5354.07465
210,1016,19,1,24.605,1,-1,2,2709.24395
211,1071,63,-1,31.445,0,-1,4,13974.45555
212,281,54,-1,40.565,3,1,4,48549.17835
213,1089,56,-1,22.1,0,-1,3,10577.087
214,621,37,-1,34.1,4,1,3,40182.246
215,1121,46,-1,38.17,2,-1,1,8347.1643
216,1312,34,-1,42.9,1,-1,3,4536.259
217,501,43,-1,26.03,0,-1,4,6837.3687
218,390,48,-1,35.625,4,-1,4,10736.87075
219,81,45,1,38.285,0,-1,4,7935.29115
220,1123,27,1,32.395,1,-1,4,18903.49141
221,117,29,1,27.94,1,1,1,19107.7796
222,528,46,-1,39.425,1,-1,4,8342.90875
223,613,34,1,19.0,3,-1,4,6753.038
224,914,33,-1,24.605,2,-1,2,5257.50795
225,1047,22,-1,52.58,1,1,1,44501.3982
226,504,38,1,28.93,1,-1,1,5974.3847
227,398,64,-1,25.6,2,-1,3,14988.432
228,694,27,1,34.8,1,-1,3,3577.999
229,1023,18,-1,23.32,1,-1,1,1711.0268
230,657,27,-1,33.155,2,-1,2,4058.71245
231,371,57,1,22.23,0,-1,4,12029.2867
232,98,56,-1,19.95,0,1,4,22412.6485
233,790,39,1,41.8,0,-1,1,5662.225
234,737,26,-1,23.7,2,-1,3,3484.331
235,775,51,-1,33.33,3,-1,1,10560.4917
236,1246,45,1,25.7,3,-1,3,9101.798
237,1068,63,-1,21.66,1,-1,2,14349.8544
238,626,36,-1,28.88,3,-1,4,6748.5912
239,625,29,1,26.03,0,-1,2,3736.4647
240,432,42,-1,26.9,0,-1,3,5969.723
241,607,59,1,23.655,0,1,2,25678.77845
242,249,29,-1,28.975,1,-1,4,4040.55825
243,678,56,-1,36.1,3,-1,3,12363.547
244,1145,52,-1,32.775,3,-1,2,11289.10925
245,74,44,-1,27.4,2,-1,3,7726.854
246,376,39,1,24.89,3,1,4,21659.9301
247,495,20,-1,27.93,0,-1,4,1967.0227
248,392,48,-1,31.445,1,-1,4,8964.06055
249,24,37,-1,28.025,2,-1,2,6203.90175
250,776,40,-1,32.3,2,-1,2,6986.697
251,757,47,1,27.83,0,1,1,23065.4207
252,1335,18,1,36.85,0,-1,1,1629.8335
253,704,47,1,29.545,1,-1,2,8930.93455
254,967,44,-1,25.365,1,-1,2,7518.02535
255,1150,18,1,30.305,0,-1,4,2203.73595
256,446,60,-1,29.64,0,-1,4,12730.9996
257,263,19,-1,36.955,0,1,2,36219.40545
258,1122,53,1,36.86,3,1,2,46661.4424
259,722,62,-1,37.4,0,-1,3,12979.358
260,670,30,-1,31.57,3,-1,1,4837.5823
261,788,29,-1,22.515,3,-1,4,5209.57885
262,135,22,1,28.05,0,-1,1,2155.6815
263,7,37,1,27.74,3,-1,2,7281.5056
264,890,64,1,26.885,0,1,2,29330.98315
265,261,20,1,26.84,1,1,1,17085.2676
266,493,61,-1,43.4,0,-1,3,12574.049
267,1273,35,-1,27.61,1,-1,1,4747.0529
268,242,55,1,26.8,1,-1,3,35160.13457
269,485,31,1,31.065,0,-1,4,4347.02335
270,1037,45,1,30.495,1,1,2,39725.51805
271,744,50,-1,26.41,0,-1,2,8827.2099
272,1094,50,1,33.7,4,-1,3,11299.343
273,268,45,-1,30.2,1,-1,3,7441.053
274,153,42,1,23.37,0,1,4,19964.7463
275,1093,22,1,30.4,0,1,2,33907.548
276,500,29,-1,34.4,0,1,3,36197.699
277,380,27,1,17.955,2,1,4,15006.57945
278,773,19,1,28.88,0,1,2,17748.5062
279,503,19,-1,30.25,0,1,1,32548.3405
280,560,46,1,19.95,2,-1,2,9193.8385
281,1146,60,-1,32.8,0,1,3,52590.82939
282,960,19,1,39.615,1,-1,2,2730.10785
283,1065,42,1,25.3,1,-1,3,7045.499
284,796,30,-1,44.22,2,-1,1,4266.1658
285,269,49,-1,25.84,1,-1,4,9282.4806
286,165,47,-1,28.215,4,-1,4,10407.08585
287,1070,37,-1,37.07,1,1,1,39871.7043
288,278,59,-1,31.79,2,-1,1,12928.7911
289,654,59,1,35.2,0,-1,1,12244.531
290,1128,34,-1,32.8,1,-1,3,14358.36437
291,1328,23,1,24.225,2,-1,4,22395.74424
292,1195,19,1,27.93,3,-1,2,18838.70366
293,1131,27,-1,45.9,2,-1,3,3693.428
294,427,18,1,29.165,0,-1,4,7323.734819
295,393,49,-1,31.35,1,-1,4,9290.1395
296,172,18,-1,15.96,0,-1,4,1694.7964
297,1079,63,-1,33.66,3,-1,1,15161.5344
298,683,53,-1,24.32,0,-1,2,9863.4718
299,964,52,-1,36.765,2,-1,2,26467.09737
300,408,38,-1,21.12,3,-1,1,6652.5288
301,136,19,-1,34.1,0,-1,3,1261.442
302,981,34,-1,21.375,0,-1,4,4500.33925
303,95,28,1,37.62,1,-1,1,3766.8838
304,1002,24,-1,25.8,0,-1,3,1972.95
305,998,33,1,36.29,3,-1,4,6551.7501
306,801,64,1,35.97,0,-1,1,14313.8463
307,950,57,-1,18.335,0,-1,4,11534.87265
308,833,58,-1,34.39,0,-1,2,11743.9341
309,1032,30,1,27.93,0,-1,4,4137.5227
310,1182,25,1,30.3,0,-1,3,2632.992
311,171,49,-1,30.3,0,-1,3,8116.68
312,264,53,1,38.06,3,-1,1,20462.99766
313,689,27,-1,31.13,1,1,1,34806.4677
314,774,41,-1,34.2,2,-1,2,7261.741
315,986,43,-1,30.115,3,-1,2,8410.04685
316,997,63,1,36.85,0,-1,1,13887.9685
317,1069,54,1,31.9,1,-1,1,10928.849
318,1166,57,-1,40.37,0,-1,1,10982.5013
319,1062,59,-1,41.14,1,1,1,48970.2476
320,713,20,-1,40.47,0,-1,4,1984.4533
321,1206,59,1,34.8,2,-1,3,36910.60803
322,51,21,1,33.63,2,-1,2,3579.8287
323,472,19,1,29.8,0,-1,3,1744.465
324,939,53,-1,29.48,0,-1,1,9487.6442
325,921,62,1,33.2,0,-1,3,13462.52
326,1167,29,1,24.6,2,-1,3,4529.477
327,512,51,-1,22.42,0,-1,4,9361.3268
328,1288,20,-1,39.4,2,1,3,38344.566
329,1110,54,1,32.3,1,-1,4,11512.405
330,787,21,-1,36.86,0,-1,2,1917.3184
331,1169,37,1,34.105,1,-1,2,6112.35295
332,1188,43,1,25.27,1,1,4,21771.3423
333,662,32,1,31.54,1,-1,4,5148.5526
334,1103,58,-1,36.08,0,-1,1,11363.2832
335,430,19,-1,33.1,0,-1,3,23082.95533
336,635,64,-1,38.19,0,-1,4,14410.9321
337,368,44,-1,32.015,2,-1,2,8116.26885
338,226,28,-1,38.06,0,-1,1,2689.4954
339,1,18,-1,33.77,1,-1,1,1725.5523
340,556,46,-1,33.44,1,-1,4,8334.5896
341,616,56,1,28.595,0,-1,4,11658.11505
342,909,32,1,24.6,0,1,3,17496.306
343,108,29,-1,27.94,0,-1,1,2867.1196
344,300,36,-1,27.55,3,-1,4,6746.7425
345,1111,38,-1,38.39,3,1,1,41949.2441
346,383,35,1,43.34,2,-1,1,5846.9176
347,236,18,1,26.73,0,-1,1,1615.7667
348,5,31,1,25.74,0,-1,1,3756.6216
349,953,44,-1,30.2,2,1,3,38998.546
350,1216,40,-1,25.08,0,-1,1,5415.6612
351,412,26,1,17.195,2,1,4,14455.64405
352,947,37,-1,34.2,1,1,4,39047.285
353,993,38,-1,28.27,1,-1,1,5484.4673
354,1035,54,1,23.0,3,-1,3,12094.478
355,1008,25,-1,24.985,2,-1,4,23241.47453
356,667,40,1,32.775,2,1,2,40003.33225
357,948,42,-1,31.255,0,-1,2,6358.77645
358,584,19,-1,20.7,0,-1,3,1242.816
359,1066,48,-1,37.29,2,-1,1,8978.1851
360,323,57,-1,40.945,0,-1,4,11566.30055
361,1091,55,1,29.83,0,-1,4,11286.5387
362,1112,48,1,25.85,3,1,1,24180.9335
363,10,25,-1,26.22,0,-1,4,2721.3208
364,518,35,1,31.0,1,-1,3,5240.765
365,207,35,-1,27.74,2,1,4,20984.0936
366,732,24,1,30.1,3,-1,3,4234.927
367,240,23,1,36.67,2,1,4,38511.6283
368,1000,30,-1,22.99,2,1,2,17361.7661
369,529,18,-1,25.46,0,-1,4,1708.0014
370,275,47,1,26.6,2,-1,4,9715.841
371,290,28,1,33.4,0,-1,3,3172.018
372,188,41,1,32.2,1,-1,3,6775.961
373,1140,50,-1,37.07,1,-1,1,9048.0273
374,34,28,-1,36.4,1,1,3,51194.55914
375,11,62,1,26.29,0,1,1,27808.7251
376,860,37,1,47.6,2,1,3,46113.511
377,319,32,-1,37.335,1,-1,4,4667.60765
378,676,55,1,40.81,3,-1,1,12485.8009
379,167,32,1,33.155,3,-1,2,6128.79745
380,1033,18,-1,21.565,0,1,4,13747.87235
381,1336,21,1,25.8,0,-1,3,2007.945
382,284,52,1,31.2,0,-1,3,9625.92
383,1310,42,-1,26.315,1,-1,2,6940.90985
384,653,45,1,36.3,2,-1,1,8527.532
385,502,51,-1,23.21,1,1,1,22218.1149
386,768,64,1,39.7,0,-1,3,14319.031
387,409,32,-1,30.03,1,-1,1,4074.4537
388,758,30,-1,37.43,3,-1,4,5428.7277
389,286,46,1,48.07,2,-1,4,9432.9253
390,1168,32,-1,35.2,2,-1,3,4670.64
391,1165,35,1,26.125,0,-1,4,5227.98875
392,479,23,-1,32.56,0,-1,1,1824.2854
393,985,44,1,25.8,1,-1,3,7624.63
394,28,23,-1,17.385,1,-1,2,2775.19215
395,829,39,-1,21.85,1,-1,2,6117.4945
396,542,63,1,36.3,0,-1,1,13887.204
397,867,57,-1,43.7,1,-1,3,11576.13
398,307,30,1,33.33,1,-1,1,4151.0287
399,687,40,-1,41.69,0,-1,1,5438.7491
400,881,23,-1,27.36,1,-1,2,2789.0574
401,299,48,1,28.88,1,-1,2,9249.4952
402,778,35,-1,34.32,3,-1,1,5934.3798
403,1158,20,1,30.59,0,-1,4,2459.7201
404,389,24,1,30.21,3,-1,2,4618.0799
405,252,54,-1,34.21,2,1,1,44260.7499
406,1027,23,-1,18.715,0,-1,2,21595.38229
407,322,34,-1,30.8,0,1,3,35491.64
408,755,31,-1,27.645,2,-1,4,5031.26955
409,578,52,-1,30.2,1,-1,3,9724.53
410,88,46,1,27.74,0,-1,2,8026.6666
411,179,41,1,33.155,3,-1,4,8538.28845
412,297,47,-1,25.41,1,1,1,21978.6769
413,330,61,1,36.385,1,1,4,48517.56315
414,147,51,1,37.73,1,-1,1,9877.6077
415,541,20,1,31.79,2,-1,1,3056.3881
416,23,34,1,31.92,1,1,4,37701.8768
417,624,59,-1,28.785,0,-1,2,12129.61415
418,772,44,1,36.48,0,-1,4,12797.20962
419,1050,44,1,36.955,1,-1,2,8023.13545
420,862,55,1,33.535,2,-1,2,12269.68865
421,349,19,-1,27.835,0,-1,2,1635.73365
422,895,61,1,44.0,0,-1,3,13063.883
423,428,21,1,16.815,1,-1,4,3167.45585
424,1183,48,1,27.36,1,-1,4,9447.3824
425,903,49,-1,36.85,0,-1,1,8125.7845
426,449,35,-1,38.6,1,-1,3,4762.329
427,433,60,1,30.5,0,-1,3,12638.195
428,836,36,-1,31.5,0,-1,3,4402.233
429,103,61,1,29.92,3,1,1,30942.1918
430,691,47,-1,36.2,1,-1,3,8068.185
431,1252,20,-1,27.3,0,1,3,16232.847
432,373,26,-1,32.9,2,1,3,36085.219
433,988,34,-1,34.675,0,-1,4,4518.82625
434,843,57,1,29.81,0,1,1,27533.9129
435,1101,53,-1,28.6,3,-1,3,11253.421
436,699,23,1,39.27,2,-1,1,3500.6123
437,1178,23,1,34.865,0,-1,4,2899.48935
438,49,36,-1,35.2,1,1,1,38709.176
439,716,49,1,22.61,1,-1,2,9566.9909
440,1039,19,-1,27.265,2,-1,2,22493.65964
441,898,18,1,40.26,0,-1,1,1634.5734
442,1230,52,-1,34.485,3,1,2,60021.39897
443,466,60,1,28.7,1,-1,3,13224.693
444,956,54,-1,30.8,1,1,1,41999.52
445,859,57,-1,28.1,0,-1,3,10965.446
446,753,58,1,22.77,0,-1,1,11833.7823
447,1044,55,-1,35.245,1,-1,4,11394.06555
448,429,27,1,30.4,3,-1,2,18804.7524
449,160,42,1,26.6,0,1,2,21348.706
450,1325,61,-1,33.535,0,-1,4,13143.33665
451,509,57,1,28.7,0,-1,3,11455.28
452,244,63,1,27.74,0,1,4,29523.1656
453,942,18,1,40.185,0,-1,4,2217.46915
454,1020,51,-1,37.0,0,-1,3,8798.593
455,129,38,-1,34.7,2,-1,3,6082.405
456,995,39,1,23.275,3,-1,4,7986.47525
457,174,24,1,33.345,0,-1,2,2855.43755
458,489,53,-1,31.16,1,-1,2,10461.9794
459,1136,44,1,25.0,1,-1,3,7623.518
460,191,36,1,26.2,0,-1,3,4883.866
461,792,22,1,23.18,0,-1,4,2731.9122
462,473,47,1,33.345,0,-1,4,20878.78443
463,1085,39,1,18.3,5,1,3,19023.26
464,1004,47,-1,19.19,1,-1,4,8627.5411
465,966,51,-1,24.795,2,1,2,23967.38305
466,884,25,-1,26.695,4,-1,2,4877.98105
467,803,18,1,42.24,0,1,1,38792.6856
468,1108,26,-1,30.0,1,-1,3,2904.088
469,285,46,-1,26.62,1,-1,1,7742.1098
470,1060,24,-1,32.01,0,-1,1,1981.5819
471,192,25,-1,25.74,0,-1,1,2137.6536
472,1253,40,1,29.3,4,-1,3,15828.82173
473,301,53,1,22.61,3,1,4,24873.3849
474,294,25,-1,26.8,3,-1,3,3906.127
475,609,30,-1,37.8,2,1,3,39241.442
476,1322,62,-1,38.83,0,-1,1,12981.3457
477,984,20,-1,30.115,5,-1,4,4915.05985
478,443,59,1,36.52,1,-1,1,28287.89766
479,735,49,1,34.77,1,-1,2,9583.8933
480,453,20,-1,29.735,0,-1,2,1769.53165
481,41,31,1,36.63,2,-1,1,4949.7587
482,844,53,-1,30.495,0,-1,4,10072.05505
483,600,18,1,39.16,0,-1,1,1633.0444
484,1119,30,1,19.95,3,-1,2,5693.4305
485,969,39,1,34.32,5,-1,1,8596.8278
486,231,59,1,27.83,3,-1,1,14001.2867
487,1250,24,-1,29.83,0,1,4,18648.4217
488,162,54,-1,39.6,1,-1,3,10450.552
489,1190,31,1,32.775,2,-1,2,5327.40025
490,851,61,-1,32.3,2,-1,2,14119.62
491,253,27,-1,30.3,3,-1,3,4260.744
492,634,51,-1,39.7,1,-1,3,9391.346
493,317,54,-1,32.775,0,-1,4,10435.06525
494,991,38,1,27.835,2,-1,4,7144.86265
495,194,18,-1,34.43,0,-1,1,1137.4697
496,292,25,-1,45.54,2,1,1,42112.2356
497,1200,37,-1,24.32,2,-1,2,6198.7518
498,329,52,-1,36.7,0,-1,3,9144.565
499,341,62,-1,30.02,0,-1,2,13352.0998
500,745,50,1,30.115,1,-1,2,9910.35985
501,452,24,-1,23.4,0,-1,3,1969.614
502,686,42,-1,26.125,2,-1,4,7729.64575
503,291,29,-1,29.64,1,-1,4,20277.80751
504,559,19,-1,35.53,0,-1,2,1646.4297
505,1029,37,1,17.29,2,-1,4,6877.9801
506,272,41,-1,37.05,2,-1,2,7265.7025
507,762,33,-1,27.1,1,1,3,19040.876
508,1304,42,-1,24.605,2,1,4,21259.37795
509,234,39,-1,24.51,2,-1,2,6710.1919
510,343,63,-1,36.765,0,-1,4,13981.85035
511,1238,37,-1,22.705,3,-1,4,6985.50695
512,212,24,-1,28.5,2,-1,2,3537.703
513,9,60,1,25.84,0,-1,2,28923.13692
514,1187,62,1,32.68,0,-1,2,13844.7972
515,756,39,1,22.8,3,-1,4,7985.815
516,700,21,1,34.87,0,-1,1,2020.5523
517,211,40,-1,30.875,4,-1,2,8162.71625
518,164,37,-1,29.64,0,-1,2,5028.1466
519,247,24,-1,35.86,0,-1,1,1986.9334
520,1012,61,1,33.33,4,-1,1,36580.28216
521,1049,49,-1,30.9,0,1,3,39727.614
522,213,34,1,26.73,1,-1,1,5002.7827
523,277,22,1,24.3,0,-1,3,2150.469
524,461,42,-1,30.0,0,1,3,22144.032
525,780,30,-1,24.4,3,1,3,18259.216
526,1098,52,1,30.875,0,-1,4,23045.56616
527,1154,48,1,27.93,4,-1,2,11015.1747
528,714,24,1,22.6,0,-1,3,2457.502
529,69,28,-1,23.98,3,1,1,17663.1442
530,1144,50,-1,32.3,2,-1,3,9630.397
531,872,42,-1,24.86,0,-1,1,5966.8874
532,1198,40,-1,29.355,1,-1,2,6393.60345
533,451,30,-1,24.13,1,-1,2,4032.2407
534,1022,47,-1,36.08,1,1,1,42211.1382
535,348,36,1,29.92,1,-1,1,5478.0368
536,944,62,-1,39.93,0,-1,1,12982.8747
537,1263,43,1,29.9,1,-1,3,7337.748
538,663,18,-1,33.66,0,-1,1,1136.3994
539,1194,31,1,21.755,0,-1,2,4134.08245
540,169,27,-1,18.905,3,-1,4,4827.90495
541,1074,60,1,18.335,0,-1,4,13204.28565
542,928,62,1,39.16,0,-1,1,13470.8044
543,769,38,1,19.475,2,-1,2,6933.24225
544,1201,46,-1,40.375,2,-1,2,8733.22925
545,941,50,1,46.09,1,-1,1,9549.5651
546,48,60,1,24.53,0,-1,1,12629.8967
547,1294,58,-1,25.175,0,-1,4,11931.12525
548,248,19,-1,20.9,1,-1,3,1832.094
549,405,52,1,38.38,2,-1,4,11396.9002
550,132,53,1,35.9,2,-1,3,11163.568
551,469,18,1,24.09,1,-1,1,2201.0971
552,434,31,-1,28.595,1,-1,2,4243.59005
553,592,20,-1,31.13,2,-1,1,2566.4707
554,360,48,1,32.3,2,-1,4,10043.249
555,73,58,-1,32.01,1,-1,1,11946.6259
556,596,42,1,29.48,2,-1,1,7640.3092
557,586,21,-1,20.235,3,-1,4,3861.20965
558,840,21,-1,31.1,0,-1,3,1526.312
559,1327,51,-1,30.03,1,-1,1,9377.9047
560,619,55,1,37.1,0,-1,3,10713.644
561,1314,30,1,23.655,3,1,2,18765.87545
562,1221,40,-1,24.97,2,-1,1,6593.5083
563,2,28,-1,33.0,3,-1,1,4449.462
564,296,19,-1,27.7,0,1,3,16297.846
565,331,52,-1,27.36,0,1,2,24393.6224
566,391,19,1,37.43,0,-1,2,2138.0707
567,326,27,1,23.21,1,-1,1,3561.8889
568,783,50,1,27.6,1,1,3,24520.264
569,12,23,-1,34.4,0,-1,3,1826.843
570,1021,22,1,31.02,3,1,1,35595.5898
571,445,45,1,33.1,0,-1,3,7345.084
572,342,60,1,27.55,0,-1,4,13217.0945
573,799,33,-1,24.795,0,1,4,17904.52705
574,943,19,-1,22.61,0,-1,2,1628.4709
575,458,56,-1,39.6,0,-1,3,10601.412
576,754,24,-1,33.63,4,-1,4,17128.42608
577,480,63,-1,41.325,3,-1,2,15555.18875
578,870,50,-1,36.2,0,-1,3,8457.818
579,832,28,1,23.845,2,-1,2,4719.73655
580,395,46,-1,19.855,0,-1,2,7526.70645
581,491,61,1,25.08,0,-1,1,24513.09126
582,293,22,1,28.82,0,-1,1,2156.7518
583,535,38,-1,28.025,1,-1,4,6067.12675
584,37,26,-1,20.8,0,-1,3,2302.3
585,1298,33,-1,27.455,2,-1,2,5261.46945
586,78,22,1,39.805,0,-1,4,2755.02095
587,521,32,1,44.22,0,-1,1,3994.1778
588,1296,18,-1,26.125,0,-1,4,1708.92575
589,602,56,1,25.3,0,-1,3,11070.535
590,1058,24,1,39.49,0,-1,1,2480.9791
591,36,62,1,32.965,3,-1,2,15612.19335
592,347,46,-1,33.345,1,-1,4,8334.45755
593,295,18,-1,22.99,0,-1,4,1704.5681
594,532,59,-1,29.7,2,-1,1,12925.886
595,784,31,1,29.26,1,-1,1,4350.5144
596,223,19,-1,34.8,0,1,3,34779.615
597,1191,41,1,21.755,1,-1,4,13725.47184
598,1001,24,-1,32.7,0,1,3,34472.841
599,6,46,1,33.44,1,-1,1,8240.5896
600,416,52,-1,34.1,0,-1,1,9140.951
601,401,47,-1,47.52,1,-1,1,8083.9198
602,1303,43,-1,27.8,0,1,3,37829.7242
603,1174,29,-1,32.11,2,-1,2,4433.9159
604,819,33,1,35.53,0,1,2,55135.40209
605,660,37,-1,46.53,3,-1,1,6435.6237
606,893,47,-1,38.94,2,1,1,44202.6536
607,130,59,1,26.505,0,-1,4,12815.44495
608,1212,18,-1,21.47,0,-1,4,1702.4553
609,587,34,1,30.21,1,1,2,43943.8761
610,20,60,1,36.005,0,-1,4,13228.84695
611,1024,47,1,45.32,1,-1,1,8569.8618
612,669,40,1,29.81,1,-1,1,6500.2359
613,1132,57,-1,40.28,0,-1,4,20709.02034
614,1272,43,-1,25.52,5,-1,1,14478.33015
615,982,31,-1,25.9,3,1,3,19199.944
616,1076,47,1,32.0,1,-1,3,8551.347
617,45,55,-1,37.3,0,-1,3,20630.28351
618,230,42,1,36.195,1,-1,2,7443.64305
619,339,46,1,27.72,1,-1,1,8232.6388
620,166,20,1,37.0,5,-1,3,4830.63
621,977,26,-1,29.15,1,-1,1,2902.9065
622,831,36,1,25.84,0,-1,2,5266.3656
623,83,48,1,41.23,4,-1,2,11033.6617
624,750,37,1,26.4,0,1,1,19539.243
625,208,63,1,31.8,0,-1,3,13880.949
626,13,56,1,39.82,0,-1,1,11090.7178
627,734,59,1,32.1,3,-1,3,14007.222
628,1138,33,-1,30.25,0,-1,1,3704.3545
629,146,46,-1,30.495,3,1,2,40720.55105
630,119,37,1,23.37,2,-1,2,6686.4313
631,3,33,-1,22.705,0,-1,2,21984.47061
632,1290,38,1,19.95,2,-1,4,7133.9025
633,1086,55,-1,28.975,0,-1,4,10796.35025
634,60,43,-1,27.36,3,-1,4,8606.2174
635,468,28,1,24.32,1,-1,4,23288.9284
636,824,60,-1,24.32,0,-1,2,12523.6048
637,144,30,-1,28.69,3,1,2,20745.9891
638,813,28,-1,22.515,2,-1,4,4428.88785
639,627,33,-1,42.46,1,-1,1,11326.71487
640,1283,18,-1,30.03,1,-1,1,1720.3537
641,1139,19,1,32.49,0,1,2,36898.73308
642,1251,19,-1,19.8,0,-1,3,1241.565
643,513,19,-1,30.4,0,-1,3,1256.299
644,1014,38,1,27.6,0,-1,3,5383.536
645,1231,20,1,21.8,0,1,3,20167.33603
646,561,54,1,32.68,0,-1,4,10923.9332
647,85,45,-1,22.895,2,1,2,21098.55405
648,57,18,-1,31.68,2,1,1,34303.1672
649,205,28,1,28.88,1,-1,4,4337.7352
650,620,30,-1,31.4,1,-1,3,3659.346
651,102,18,1,30.115,0,-1,4,21344.8467
652,201,48,1,32.23,1,-1,1,8871.1517
653,1073,54,1,28.88,2,-1,4,12096.6512
654,1040,35,1,28.025,0,1,2,20234.85475
655,1261,28,-1,37.1,1,-1,3,3277.161
656,712,43,1,30.685,2,-1,2,8310.83915
657,251,63,1,32.2,2,1,3,47305.305
658,320,34,-1,25.27,1,-1,2,4894.7533
659,115,60,-1,28.595,0,-1,4,30259.99556
660,874,44,-1,21.85,3,-1,4,8891.1395
661,746,34,-1,27.0,2,-1,3,11737.84884
662,800,42,1,26.18,1,-1,1,7046.7222
663,1300,45,-1,30.36,0,1,1,62592.87309
664,324,29,-1,27.2,0,-1,3,2866.091
665,184,44,-1,30.69,2,-1,1,7731.4271
666,358,23,-1,41.91,0,-1,1,1837.2819
667,698,56,-1,33.725,0,-1,2,10976.24575
668,140,34,-1,22.42,2,-1,4,27375.90478
669,516,20,-1,35.31,1,-1,1,27724.28875
670,983,27,1,30.59,1,-1,4,16796.41194
671,568,49,1,31.9,5,-1,3,11552.904
672,214,45,1,30.9,2,-1,3,8520.026
673,87,56,1,27.2,0,-1,3,11073.176
674,143,29,-1,29.735,2,-1,2,18157.876
675,644,43,-1,35.31,2,-1,1,18806.14547
676,1315,18,-1,28.31,1,-1,4,11272.33139
677,1248,18,1,39.82,0,-1,1,1633.9618
678,980,54,-1,25.46,1,-1,4,25517.11363
679,742,53,-1,34.105,0,1,4,43254.41795
680,161,18,1,36.85,0,1,1,36149.4835
681,38,35,-1,36.67,1,1,4,39774.2763
682,882,21,1,22.135,0,-1,4,2585.85065
683,1219,38,1,30.21,3,-1,2,7537.1639
684,973,19,1,40.5,0,-1,3,1759.338
685,321,26,1,29.64,4,-1,4,24671.66334
686,794,39,1,31.92,2,-1,2,7209.4918
687,1199,31,1,25.8,2,-1,3,4934.705
688,1287,36,1,25.9,1,-1,3,5472.449
689,1319,39,1,26.315,2,-1,2,7201.70085
690,1197,41,-1,33.55,0,-1,1,5699.8375
691,883,51,1,37.05,3,1,4,46255.1125
692,636,19,1,24.51,1,-1,2,2709.1119
693,353,33,-1,35.245,0,-1,4,12404.8791
694,62,64,-1,24.7,1,-1,2,30166.61817
695,1208,37,1,25.555,1,1,4,20296.86345
696,850,37,1,30.78,0,1,4,37270.1512
697,154,40,1,25.46,1,-1,4,7077.1894
698,1184,23,1,28.49,1,1,1,18328.2381
699,1302,25,1,20.8,1,-1,3,3208.787
700,543,54,1,47.41,0,1,1,63770.42801
701,1243,28,1,33.11,0,-1,1,3171.6149
702,972,22,1,20.235,0,-1,2,2527.81865
703,1276,22,1,30.4,0,-1,4,2741.948
704,481,49,-1,37.51,2,-1,1,9304.7019
705,61,25,-1,33.66,4,-1,1,4504.6624
706,124,47,1,33.915,3,-1,2,10115.00885
707,455,59,-1,37.4,0,-1,3,21797.0004
708,106,19,1,28.4,1,-1,3,2331.519
709,1241,64,-1,36.96,2,1,1,49577.6624
710,628,58,-1,38.0,0,-1,3,11365.952
711,354,18,1,38.28,0,-1,1,14133.03775
712,1271,25,1,34.485,0,-1,2,3021.80915
713,645,48,-1,30.78,3,-1,4,10141.1362
714,961,29,1,25.9,0,-1,3,3353.284
715,924,43,-1,23.2,0,-1,3,6250.435
716,175,63,1,37.7,0,1,3,48824.45
717,379,62,-1,31.46,1,-1,1,27000.98473
718,114,52,-1,32.205,3,-1,4,11488.31695
719,1009,51,-1,27.74,1,-1,4,9957.7216
720,1214,27,1,31.255,1,-1,2,3956.07145
721,1010,48,1,22.8,0,-1,3,8269.044
722,1180,42,1,41.325,1,-1,4,7650.77375
723,830,63,-1,33.1,0,-1,3,13393.756
724,834,36,-1,33.82,1,-1,2,5377.4578
725,1210,36,-1,30.875,1,-1,2,5373.36425
726,377,24,-1,40.15,0,1,1,38126.2465
727,637,35,1,38.095,2,-1,4,24915.04626
728,807,19,1,36.575,0,-1,2,2136.88225
729,570,31,1,29.1,0,-1,3,3761.292
730,437,35,-1,28.9,3,-1,3,5926.846
731,622,49,1,21.3,1,-1,3,9182.17
732,1282,18,1,21.66,0,1,4,14283.4594
733,1028,54,-1,31.6,0,-1,3,9850.432
734,1332,52,1,44.7,3,-1,3,11411.685
735,158,30,-1,35.53,0,1,1,36950.2567
736,423,25,-1,30.59,0,-1,4,2727.3951
737,1141,41,1,32.6,3,-1,3,7954.517
738,411,44,1,20.235,1,1,4,19594.80965
739,1034,61,-1,38.38,0,-1,2,12950.0712
740,930,26,-1,46.53,1,-1,1,2927.0647
741,1077,21,-1,26.03,0,-1,4,2102.2647
742,632,29,1,35.53,0,-1,1,3366.6697
743,846,51,1,34.2,1,-1,3,9872.701
744,555,28,-1,23.8,2,-1,3,3847.674
745,1075,32,1,29.59,1,-1,1,4562.8421
746,1036,22,-1,37.07,2,1,1,37484.4493
747,77,21,-1,35.53,0,-1,1,1532.4697
